"case_id","domain","bias_source","hygiene_practice","evidence_quality","decision_stakes","true_value","post_hygiene_judgment","post_absolute_error","post_brier_score","error_reduction","review_flag"
597,"AI Governance","model_overtrust","model_validation","low","medium",0.59004663079977,0.25972839550396,0.33031823529581,0.548002048423142,-0.263214454731977,"review"
400,"Organizational Strategy","anchoring","decision_record","low","high",0.571330766752362,0.853275527042195,0.281944760289833,0.728079125049136,-0.22945204592156,"review"
878,"Healthcare","framing","base_rate_check","low","medium",0.454203549772501,0.730486870016298,0.276283320243797,0.533611067266208,0.0240610327247703,"review"
168,"Public Policy","model_overtrust","independent_estimates","low","high",0.136826116964221,0.405251372019715,0.268425255055494,0.164228674523862,-0.264641254946877,"review"
470,"Healthcare","availability","model_validation","low","medium",0.302857894636691,0.567242858858699,0.264384964222008,0.187278743208792,-0.119166348286135,"review"
390,"Public Policy","availability","model_validation","low","low",0.63908845372498,0.902445463719198,0.263357009994218,0.814407814987358,-0.150690015041656,"review"
693,"Financial Risk","groupthink","structured_dissent","low","high",0.23704982381314,0.489007148993775,0.251957325180634,0.23912799176702,-0.233486824628042,"review"
575,"AI Governance","model_overtrust","calibration_review","low","medium",0.350980773381889,0.600559614295845,0.249578840913956,0.159552621731484,-0.0844628309392677,"review"
796,"Healthcare","overconfidence","premortem","low","medium",0.38050184417516,0.626424106113887,0.245922261938727,0.139558948492808,-0.215201684418013,"review"
853,"Healthcare","overconfidence","decision_record","medium","high",0.718258500657976,0.960696666520836,0.24243816586286,0.0015447520225744,-0.151978564790602,"review"
319,"Infrastructure","overconfidence","premortem","low","low",0.547412261739373,0.787449379725064,0.240037117985691,0.0451777661792599,-0.0330420984298853,"review"
891,"Financial Risk","overconfidence","premortem","medium","high",0.470906997099519,0.708861892744396,0.237954895644878,0.0847613974963753,-0.0186576428494144,"review"
743,"Financial Risk","confirmation","independent_estimates","medium","high",0.548926799930632,0.783465794209657,0.234538994279025,0.0468870622772548,0.0231972409262938,"review"
609,"Public Policy","groupthink","premortem","low","high",0.507268931344152,0.74133955588391,0.234070624539759,0.549584337118153,-0.0579107660763849,"review"
181,"Public Policy","overconfidence","base_rate_check","medium","high",0.240581792220473,0.471061902191425,0.230480109970951,0.221899315696203,-0.0532501670178821,"review"
5,"Healthcare","groupthink","calibration_review","low","medium",0.358740461431444,0.584624057156887,0.225883595725444,0.34178528820658,-0.125533784478492,"review"
838,"AI Governance","framing","decision_record","low","high",0.125657082162797,0.349772488291138,0.22411540612834,0.422795816983099,-0.179617695193011,"review"
21,"Infrastructure","confirmation","independent_estimates","medium","medium",0.411307052522898,0.62983020984116,0.218523157318262,0.13702567354624,-0.106912666897642,"review"
195,"Infrastructure","confirmation","premortem","medium","low",0.153367020376027,0.371267219221004,0.217900198844977,0.137839348068097,-0.0811621542612486,"review"
394,"Financial Risk","groupthink","base_rate_check","low","medium",0.311651488766074,0.0941929588026652,0.217458529963409,0.00887231348800058,0.0841929588026652,"review"
39,"Healthcare","anchoring","base_rate_check","low","high",0.662477707117796,0.878505515944364,0.216027808826568,0.0147609096559452,-0.0285563521949465,"review"
517,"Organizational Strategy","overconfidence","model_validation","medium","high",0.760912982560694,0.975757282512712,0.214844299952017,0.000587709351168482,-0.0695393059269483,"review"
501,"Healthcare","anchoring","premortem","low","medium",0.127102161385119,0.3379223476591,0.210820186273981,0.114191513047438,-0.111702620705194,"review"
196,"Infrastructure","overconfidence","model_validation","low","low",0.608151338994503,0.818970420193688,0.210819081199185,0.0327717087648498,-0.110294111331148,"review"
588,"Infrastructure","confirmation","structured_dissent","low","high",0.79566902499646,0.584895135763877,0.210773889232583,0.17231204831249,-0.122919003048703,"review"
809,"Public Policy","anchoring","premortem","low","low",0.744663185998797,0.954512525206051,0.209849339207253,0.00206911036313015,-0.0318134893439157,"review"
836,"Financial Risk","confirmation","calibration_review","low","medium",0.439777880907059,0.649432163850585,0.209654282943527,0.122897807742483,-0.00907985374240561,"review"
334,"AI Governance","availability","model_validation","low","low",0.85490491669625,0.6470309320143,0.207873984681951,0.124587162954694,-0.194470098405835,"review"
345,"Organizational Strategy","model_overtrust","model_validation","low","medium",0.210546976514161,0.417596111083033,0.207049134568872,0.174386511991673,-0.116606903229101,"review"
282,"Healthcare","anchoring","structured_dissent","low","low",0.780761560611427,0.984646524329365,0.203884963717938,0.969528777873898,-0.153967805380203,"review"
67,"Healthcare","availability","premortem","medium","high",0.164077535644174,0.367709689588834,0.20363215394466,0.135210415817516,-0.0526234485708687,"review"
18,"Public Policy","anchoring","decision_record","medium","medium",0.366061100177467,0.568685702333956,0.202624602156489,0.323403428039065,-0.154933255301945,"review"
251,"Financial Risk","groupthink","structured_dissent","low","medium",0.229431092180312,0.028342066751129,0.201089025429183,0.944119139245468,-0.10962558125907,"review"
213,"Financial Risk","anchoring","decision_record","medium","high",0.601599669642746,0.801162333740019,0.199562664097272,0.0395364175237156,0.0507146558551532,"review"
754,"Healthcare","model_overtrust","premortem","high","low",0.649313148856163,0.846637870043603,0.19732472118744,0.0235199429047628,0.012180823026464,"review"
198,"Public Policy","model_overtrust","structured_dissent","low","high",0.555876361764967,0.752657913909198,0.19678155214423,0.566493935370145,0.0819168466975757,"review"
771,"AI Governance","confirmation","independent_estimates","low","high",0.613202974386513,0.416594000909955,0.196608973476558,0.340362559774253,-0.147982170813956,"review"
739,"Organizational Strategy","framing","decision_record","medium","medium",0.731170200370252,0.925538238667545,0.194368038297293,0.00554455390073149,-0.155957002148017,"review"
495,"Healthcare","anchoring","decision_record","medium","high",0.779456375911832,0.973308987921485,0.193852612009653,0.947330385968745,-0.0195954544872591,"review"
439,"Organizational Strategy","overconfidence","structured_dissent","medium","medium",0.108511014468968,0.299962536572334,0.191451522103366,0.0899775233469087,-0.0116182364376295,"review"
328,"Financial Risk","confirmation","model_validation","high","low",0.70244957767427,0.891972329188296,0.189522751514026,0.795614636037594,-0.00499318562549811,"review"
308,"Financial Risk","availability","premortem","low","high",0.501931397989392,0.313173424777827,0.188757973211566,0.0980775939870731,-0.045514864298575,"review"
276,"Public Policy","anchoring","decision_record","high","low",0.769384663365781,0.957909840679506,0.188525177313725,0.00177158151162453,-0.154324345833381,"review"
871,"AI Governance","availability","decision_record","low","high",0.640498617850244,0.452018479741815,0.188480138108429,0.204320706028101,0.0275283608477282,"review"
208,"Public Policy","model_overtrust","structured_dissent","medium","medium",0.350114349834621,0.538022504587743,0.187908154753122,0.213423206267382,0.0173537168765825,"review"
598,"AI Governance","confirmation","model_validation","low","high",0.34564427677542,0.533198303890439,0.18755402711502,0.284300431271641,0.039078225235844,"review"
499,"AI Governance","overconfidence","independent_estimates","low","high",0.76137569770217,0.573856213486844,0.187519484215326,0.18159852678377,-0.0901745445915713,"review"
683,"Financial Risk","confirmation","decision_record","medium","medium",0.250570125691593,0.437934015637872,0.18736388994628,0.315918170776967,-0.0655062725174397,"review"
408,"Organizational Strategy","groupthink","independent_estimates","medium","low",0.793704853579402,0.979542758514664,0.185837904935262,0.959504015758517,-0.0431457064966647,"review"
201,"Organizational Strategy","groupthink","independent_estimates","medium","medium",0.805783948302269,0.99,0.184216051697731,1e-04,-0.160748086253093,"review"
595,"Financial Risk","overconfidence","calibration_review","low","high",0.721722291782498,0.905850326715573,0.184128034933075,0.00886416097956437,-0.135245047367635,"review"
678,"Financial Risk","model_overtrust","premortem","low","high",0.63698117416352,0.819552166523196,0.182570992359675,0.671665753652864,-0.0811127871578147,"review"
560,"Public Policy","confirmation","model_validation","low","high",0.693968043662608,0.875873926757327,0.18190588309472,0.0154072820586454,0.101273700695954,"review"
47,"Public Policy","groupthink","premortem","low","low",0.841387450136244,0.660437449351492,0.180950000784752,0.11530272580292,-0.0438853428610952,"review"
554,"Healthcare","overconfidence","independent_estimates","low","low",0.284820637665689,0.464325297417808,0.179504659752119,0.215597981822136,0.0822209378671798,"review"
170,"Organizational Strategy","overconfidence","premortem","medium","low",0.566112127900124,0.745267896196101,0.179155768295977,0.0648884447083605,0.0157883941789146,"review"
55,"Financial Risk","confirmation","decision_record","low","high",0.541166860982776,0.720088653914475,0.178921792931699,0.51852766949636,-0.0722018662161737,"review"
691,"Healthcare","groupthink","premortem","medium","high",0.219499551691115,0.398283758400946,0.178784206709831,0.362062435404091,0.0129278266904126,"review"
602,"AI Governance","confirmation","calibration_review","medium","medium",0.420583399198949,0.59862944821594,0.17804604901699,0.161098319839441,-0.161200490000699,"review"
488,"Infrastructure","overconfidence","base_rate_check","medium","medium",0.812550975941122,0.99,0.177449024058878,1e-04,-0.0418886543613259,"review"
310,"Public Policy","availability","base_rate_check","low","low",0.812584860436618,0.99,0.177415139563382,1e-04,-0.124724149456513,"review"
291,"Organizational Strategy","model_overtrust","model_validation","medium","low",0.11240700520575,0.287785323394695,0.175378318188944,0.082820392361389,0.0149876647649426,"review"
529,"AI Governance","availability","independent_estimates","low","medium",0.333396358974278,0.158223181931675,0.175173177042603,0.708588211437233,-0.0982618524528137,"review"
255,"Organizational Strategy","framing","independent_estimates","high","high",0.650213654898107,0.824725895823546,0.174512240925439,0.0307210115948584,-0.100972265764308,"review"
710,"Infrastructure","model_overtrust","decision_record","medium","medium",0.173552679084241,0.34780624395251,0.174253564868268,0.120969183332353,-0.0412048010188952,"review"
397,"Organizational Strategy","availability","premortem","medium","medium",0.51639317702502,0.344345394067464,0.172047782957556,0.118573750415477,-0.0941330109224424,"review"
58,"Healthcare","overconfidence","calibration_review","low","low",0.169415739923716,0.341119272289948,0.171703532366232,0.116362357927624,-0.106522091610343,"review"
685,"AI Governance","anchoring","model_validation","medium","medium",0.6694256991148,0.840254804228016,0.170829105113216,0.0255185275722295,-0.090091314332541,"review"
219,"Financial Risk","groupthink","independent_estimates","low","low",0.791851106099784,0.962310863403149,0.170459757303365,0.00142047101741607,-0.107481599566808,"review"
540,"Financial Risk","model_overtrust","calibration_review","low","low",0.529419261217117,0.6981922193983,0.168772958181182,0.487472375228324,0.0686846306898612,"review"
475,"Financial Risk","confirmation","structured_dissent","low","high",0.292146323248744,0.457894287126795,0.165747963878051,0.209667178183356,0.116209520637881,"review"
667,"Infrastructure","availability","calibration_review","low","low",0.543829880096018,0.378306043688154,0.165523836407864,0.143115462690984,-0.0742808986827685,"review"
157,"Public Policy","confirmation","premortem","medium","medium",0.518535987101495,0.683706051967433,0.165170064865938,0.100041861562028,-0.069005118277418,"review"
95,"AI Governance","framing","calibration_review","medium","high",0.419765342958272,0.255361837923715,0.164403505034557,0.554485992420348,-0.148438756744252,"review"
260,"Infrastructure","anchoring","structured_dissent","low","low",0.826526296138763,0.99,0.163473703861236,1e-04,-0.0782917090725221,"review"
362,"Public Policy","availability","structured_dissent","medium","high",0.77186790779233,0.609529563114034,0.162338344678296,0.152467162081917,-0.161725464883179,"review"
185,"Healthcare","overconfidence","model_validation","low","high",0.827710304968059,0.99,0.162289695031941,1e-04,0,"review"
123,"Financial Risk","groupthink","premortem","medium","low",0.864399385452271,0.702730297694081,0.16166908775819,0.493829871297211,-0.139386656375307,"review"
202,"AI Governance","confirmation","model_validation","low","low",0.423799388110638,0.584922309157609,0.161122921046971,0.342134107750269,-0.0397426597633782,"review"
85,"Healthcare","confirmation","decision_record","low","medium",0.619874579459429,0.459104318829663,0.160770260629765,0.292568137908722,-0.129524200127133,"review"
772,"AI Governance","groupthink","independent_estimates","low","high",0.678464307263494,0.51816006284672,0.160304244416774,0.232169725035877,-0.0563347973918313,"review"
264,"Healthcare","anchoring","decision_record","medium","high",0.169726770929992,0.329870945383331,0.160144174453339,0.108814840608093,0.0517829382278802,"review"
249,"AI Governance","confirmation","model_validation","low","high",0.457069061510265,0.616563070205346,0.159494008695081,0.147023879130351,-0.0634516625914479,"review"
561,"Organizational Strategy","groupthink","structured_dissent","low","medium",0.119721105694771,0.279116185496978,0.159395079802207,0.0779058450063832,-0.0884436681148023,"review"
420,"Public Policy","anchoring","premortem","low","medium",0.563038224354386,0.721734689403715,0.158696465049329,0.0774315830812468,-0.0241134763605438,"review"
819,"Infrastructure","model_overtrust","premortem","medium","medium",0.377606691978872,0.535359968814313,0.157753276835441,0.286610296208862,-0.0103389712225864,"review"
443,"Healthcare","anchoring","base_rate_check","medium","low",0.762888596579433,0.91958909586118,0.156700499281748,0.00646591350442247,-0.0556837925456894,"review"
52,"Organizational Strategy","anchoring","base_rate_check","medium","medium",0.3186498939991,0.474852641309131,0.156202747310031,0.275779748339996,0.0176590609257538,"review"
423,"Financial Risk","confirmation","decision_record","medium","low",0.122719581797719,0.278792165654533,0.156072583856814,0.0777250716303444,-0.027804592583984,"review"
432,"Healthcare","groupthink","decision_record","medium","low",0.584797614626586,0.740595188706435,0.155797574079848,0.54848123353512,-0.11229733332071,"review"
508,"Healthcare","anchoring","independent_estimates","medium","low",0.834674228914082,0.99,0.155325771085918,0.9801,-0.145904656668146,"review"
238,"AI Governance","overconfidence","model_validation","low","medium",0.762482383847237,0.917622611074629,0.155140227227393,0.00678603420616177,-0.0266853932251877,"review"
207,"Infrastructure","framing","base_rate_check","low","low",0.821075036935508,0.975121009417869,0.154045972482361,0.950860983008124,-0.119854737054197,"review"
522,"Organizational Strategy","model_overtrust","decision_record","medium","low",0.532053377479315,0.685599812938351,0.153546435459037,0.0988474776243996,-0.0209660822073428,"review"
753,"Financial Risk","model_overtrust","independent_estimates","medium","high",0.62422954402864,0.777514932174031,0.153285388145391,0.049499605405526,-0.00297486745493103,"review"
752,"Public Policy","overconfidence","structured_dissent","medium","medium",0.682130436599255,0.835373103291133,0.153242666691878,0.697848221702258,0.00129612176258409,"review"
649,"Healthcare","model_overtrust","independent_estimates","medium","high",0.568125663138926,0.720154787935805,0.152029124796879,0.518622918586865,0.023824266077314,"review"
876,"Financial Risk","confirmation","independent_estimates","medium","high",0.524593311734498,0.676056251380852,0.151462939646355,0.45705205503113,0.000735893835449697,"review"
234,"Infrastructure","framing","calibration_review","medium","medium",0.344842855446041,0.193413936059545,0.151428919386495,0.650581078542955,-0.0589392973400598,"review"
355,"Healthcare","confirmation","calibration_review","medium","medium",0.695526785030961,0.846101466118,0.150574681087039,0.0236847587310291,-0.0865422686857583,"review"
664,"Infrastructure","groupthink","model_validation","medium","low",0.16044512540102,0.01,0.15044512540102,0.9801,-0.13605776791966,"review"
481,"AI Governance","groupthink","decision_record","low","medium",0.421029573306441,0.570584555632183,0.149554982325741,0.325566735125975,-0.00997609869260718,"review"
312,"AI Governance","framing","structured_dissent","medium","medium",0.159196774847806,0.01,0.149196774847805,1e-04,-0.0383006073836124,"review"
504,"Organizational Strategy","overconfidence","premortem","high","high",0.670935299620032,0.819827376283753,0.148892076663721,0.0324621743367962,-0.0346970880618241,"review"
723,"Public Policy","anchoring","model_validation","high","high",0.338864329084754,0.487627198834212,0.148762869749458,0.262525887374476,-0.141360072854874,"review"
38,"Organizational Strategy","groupthink","independent_estimates","low","low",0.25358847361058,0.105570968282766,0.148017505327814,0.0111452293441608,-0.141025212078874,"review"
26,"Healthcare","confirmation","decision_record","high","high",0.27308663316071,0.421043167870179,0.147956534709468,0.177277349210155,-0.0865266753270986,"review"
690,"Infrastructure","confirmation","base_rate_check","medium","low",0.5778579717502,0.72558185010466,0.14772387835446,0.0753053209919813,-0.0673483078498871,"review"
227,"Financial Risk","confirmation","calibration_review","low","high",0.843523240275681,0.99,0.146476759724319,1e-04,-0.0684962515482175,"review"
160,"AI Governance","availability","model_validation","low","low",0.843639014475048,0.99,0.146360985524952,1e-04,-0.0653364694900592,"review"
882,"Infrastructure","overconfidence","base_rate_check","medium","low",0.406429356336594,0.552151303001146,0.145721946664553,0.200568455403571,-0.0827587730157122,"review"
866,"Organizational Strategy","overconfidence","decision_record","high","high",0.531638924591243,0.676909836477768,0.145270911886525,0.104387253764823,-0.0489448142987114,"review"
803,"Healthcare","overconfidence","model_validation","high","low",0.419099891744554,0.564155341791899,0.145055450047345,0.189960566088536,-0.0713723433437825,"review"
87,"Organizational Strategy","availability","model_validation","low","high",0.456253616325557,0.601111327523252,0.144857711197695,0.361334828076766,-0.0432603881470682,"review"
563,"Infrastructure","confirmation","structured_dissent","high","medium",0.796080229245126,0.939742842435073,0.143662613189946,0.88311660990795,0.0502571575649273,"review"
316,"Financial Risk","anchoring","structured_dissent","medium","medium",0.448880064859986,0.591652154803539,0.142772089943553,0.350052272283671,-0.018436495779738,"review"
214,"AI Governance","anchoring","premortem","medium","low",0.233340668305755,0.376002205090948,0.142661536785194,0.141377658233255,-0.107711528241552,"review"
661,"AI Governance","overconfidence","base_rate_check","medium","medium",0.208284196443856,0.350902453039051,0.142618256595195,0.421327625470721,0.285507148768052,"review"
344,"Organizational Strategy","model_overtrust","premortem","high","medium",0.739441630616784,0.881926190215684,0.1424845595989,0.777793804988351,-0.0101785337844117,"review"
97,"Organizational Strategy","anchoring","structured_dissent","medium","medium",0.690841532871127,0.833151995510483,0.142310462639356,0.6941422476231,-0.0693126271911472,"review"
831,"Public Policy","model_overtrust","model_validation","medium","medium",0.5791438607499,0.720241162704705,0.141097301954805,0.0782650070448152,-0.0067897099685813,"review"
398,"Infrastructure","framing","calibration_review","low","medium",0.807384589873254,0.947877408488891,0.140492818615637,0.00271676454583391,-0.00283773384008634,"review"
655,"Infrastructure","framing","structured_dissent","low","low",0.742412713356316,0.882473748572567,0.140061035216251,0.778759916919718,-0.0118517281033118,"review"
854,"Organizational Strategy","overconfidence","premortem","low","low",0.40607769805938,0.545788656714012,0.139710958654632,0.297885257797686,0.0568235227736049,"review"
194,"Infrastructure","framing","base_rate_check","medium","medium",0.436413571611047,0.296752152748241,0.139661418862806,0.494557534664234,-0.0445669985869944,"review"
76,"AI Governance","framing","decision_record","medium","medium",0.411461883969605,0.549917874743534,0.138455990773929,0.302409668962445,-0.0917139805316935,"review"
212,"Healthcare","confirmation","structured_dissent","high","medium",0.845195282064378,0.983599536155124,0.138404254090746,0.00026897521432709,-0.100828224407372,"review"
330,"Infrastructure","availability","model_validation","low","high",0.32860561106354,0.190760164997694,0.137845446065846,0.65486911055456,0.11161007206081,"review"
129,"Organizational Strategy","overconfidence","premortem","medium","medium",0.483854464627802,0.621184720798164,0.137330256170361,0.143501015756765,-0.0649930959767075,"review"
191,"Financial Risk","framing","structured_dissent","medium","medium",0.755723550915718,0.619777631631655,0.135945919284063,0.384124312670944,-0.0118343100722104,"review"
74,"Financial Risk","model_overtrust","base_rate_check","low","high",0.362443569488823,0.497425209502513,0.13498164001369,0.247431839048619,-0.127614439966388,"review"
93,"Healthcare","framing","calibration_review","low","medium",0.40008692163974,0.266564928085088,0.133521993554652,0.0710568608850083,-0.0249623442898011,"review"
83,"Healthcare","anchoring","base_rate_check","medium","low",0.525913565792143,0.659067864431331,0.133154298639187,0.434370449926075,-0.086493611290175,"review"
613,"Infrastructure","overconfidence","model_validation","medium","low",0.417782990634441,0.285065900347372,0.132717090287069,0.511130766846114,-0.082276409938043,"review"
177,"Organizational Strategy","anchoring","calibration_review","high","low",0.604668681509793,0.736765617818807,0.132096936309014,0.0692923399623143,-0.0431618627420344,"review"
899,"AI Governance","groupthink","independent_estimates","medium","low",0.684270942769945,0.816142724512025,0.13187178174208,0.0338034977498613,-0.0289957916015502,"review"
814,"Public Policy","confirmation","model_validation","medium","medium",0.373596055805683,0.505365527313982,0.131769471508299,0.255394316197339,-0.103689787706837,"review"
687,"Infrastructure","availability","calibration_review","low","medium",0.430741813778877,0.29965239726479,0.131089416514088,0.490486764656956,-0.0285229926542996,"review"
591,"Healthcare","anchoring","independent_estimates","medium","medium",0.729773720353842,0.860547726476087,0.130774006122245,0.0194469365909882,-0.0595290049043512,"review"
373,"Financial Risk","overconfidence","model_validation","medium","medium",0.202828761190176,0.0724933410038633,0.130335420186313,0.0052552844899024,-0.0511224661895914,"review"
406,"Public Policy","anchoring","base_rate_check","high","medium",0.272835288755596,0.402645784519896,0.1298104957643,0.35683205875185,-0.0195944322537105,"review"
16,"Healthcare","confirmation","independent_estimates","low","high",0.607570591941476,0.737239105124691,0.129668513183215,0.0690432878756732,-0.121621538840844,"review"
121,"Healthcare","groupthink","structured_dissent","medium","medium",0.567945736832917,0.694734897644217,0.1267891608113,0.48265657800472,-0.0594635888977425,"review"
225,"Public Policy","availability","premortem","low","high",0.863783716224134,0.99,0.126216283775866,1e-04,0,"review"
274,"Healthcare","anchoring","structured_dissent","medium","medium",0.851018508337438,0.976618355440785,0.125599847103346,0.000546701302293489,-0.0203111234176087,"review"
887,"Healthcare","model_overtrust","model_validation","medium","high",0.728028997592628,0.853020655274215,0.124991657681587,0.0216029277760212,-0.0898014275507398,"review"
7,"Healthcare","model_overtrust","decision_record","low","high",0.69774530287832,0.822313850829958,0.124568547951638,0.0315723676068784,0.104180024704794,"review"
867,"Infrastructure","availability","decision_record","medium","low",0.61576501429081,0.491380467592966,0.124384546697843,0.258693828745949,-0.0885737319676189,"review"
555,"Financial Risk","availability","decision_record","medium","high",0.866604318842292,0.99,0.123395681157708,1e-04,-0.109279432571743,"review"
455,"Infrastructure","confirmation","calibration_review","high","medium",0.791440141014755,0.914709782869755,0.123269641855,0.836693986877634,-0.0455108814416464,"review"
480,"Financial Risk","groupthink","premortem","high","medium",0.683280671015382,0.806537755699154,0.123257084683772,0.0374276399699201,-0.111547037393873,"review"
2,"AI Governance","confirmation","structured_dissent","low","low",0.258632558956742,0.381353846468889,0.122721287512147,0.145430756216617,-0.105929265256394,"review"
112,"Organizational Strategy","framing","base_rate_check","high","medium",0.580315764434636,0.45771481153951,0.122600952895126,0.29407322562363,-0.00170609782918624,"review"
774,"Public Policy","overconfidence","premortem","high","low",0.400024532712996,0.52177898613952,0.121754453426524,0.228695338097745,-0.0376179153654103,"review"
639,"Infrastructure","overconfidence","independent_estimates","low","medium",0.172633079811931,0.293708681558313,0.121075601746382,0.0862647896227224,-0.0883283431126214,"review"
289,"Infrastructure","model_overtrust","calibration_review","medium","low",0.242889351211488,0.363796396770757,0.120907045559268,0.404755024761873,-0.0333434257785069,"review"
127,"Financial Risk","groupthink","premortem","medium","high",0.265365631878376,0.386119686550969,0.120754054672593,0.149088412342219,-0.0952929273687962,"review"
675,"Infrastructure","confirmation","independent_estimates","medium","high",0.155207847990096,0.275890322476434,0.120682474486338,0.0761154700361508,-0.0100284553069905,"review"
116,"AI Governance","overconfidence","base_rate_check","low","high",0.773934564553201,0.894352573711108,0.120418009157906,0.011161378681467,0.0618890553813551,"review"
799,"Infrastructure","groupthink","decision_record","medium","medium",0.643809090182185,0.764014129281476,0.12020503909929,0.0556893311787801,-0.0412079486746676,"review"
895,"Financial Risk","framing","calibration_review","low","medium",0.273906603269279,0.154181786290149,0.11972481697913,0.715408450643323,-0.0249646408374061,"review"
41,"Infrastructure","anchoring","structured_dissent","medium","high",0.870292633771896,0.99,0.119707366228104,1e-04,-0.0506347752497999,"review"
797,"Public Policy","overconfidence","independent_estimates","medium","high",0.107500181905925,0.226463935119892,0.118963753213967,0.0512859139099866,-0.058065490994091,"review"
172,"Healthcare","overconfidence","base_rate_check","medium","high",0.459276796318591,0.57793675321388,0.11865995689529,0.334010890715402,-0.0563230686570017,"review"
64,"Public Policy","overconfidence","model_validation","low","medium",0.128067266009748,0.01,0.118067266009748,1e-04,-0.0672133820630236,"review"
259,"Financial Risk","confirmation","calibration_review","high","medium",0.695850256830454,0.813917357715741,0.118067100885287,0.662461465190974,0.0162523787637773,"review"
578,"Healthcare","anchoring","structured_dissent","medium","medium",0.375043543241918,0.49306210684495,0.118018563603031,0.24311024120638,-0.0799131837683773,"review"
706,"AI Governance","anchoring","decision_record","low","high",0.801465068385005,0.918828601540965,0.11736353315596,0.844245999009725,-0.0268063067366771,"review"
762,"Public Policy","anchoring","structured_dissent","high","medium",0.540658530592918,0.657489757103594,0.116831226510675,0.117313266488955,-0.00471738684629419,"review"
461,"Financial Risk","confirmation","model_validation","high","medium",0.837552161328495,0.954037266420237,0.116485105091742,0.910187105718599,0.0359627335797629,"review"
497,"Healthcare","availability","calibration_review","medium","low",0.700313643924892,0.583844924724088,0.116468719200804,0.340874896126076,-0.0720805830235658,"review"
478,"Healthcare","overconfidence","calibration_review","high","low",0.850390727818012,0.965736938857543,0.115346211039531,0.00117395735885174,-0.0227115821210832,"review"
812,"Financial Risk","framing","decision_record","high","high",0.79898490998894,0.683907520357082,0.115077389631858,0.0999144556868084,-0.0940106039673465,"review"
764,"Infrastructure","anchoring","base_rate_check","low","low",0.349169868789613,0.234165509690272,0.115004359099341,0.0548334859285048,-0.0625163576375672,"review"
603,"Healthcare","confirmation","premortem","low","high",0.12498429082334,0.01,0.11498429082334,1e-04,0.227585840767136,"review"
637,"Financial Risk","model_overtrust","calibration_review","low","low",0.837100645713508,0.951236533072269,0.11413588735876,0.00237787570681196,-0.102666528573382,"review"
132,"Financial Risk","groupthink","premortem","medium","medium",0.398402931168675,0.509728969720538,0.111326038551863,0.259823622572361,-0.0226090743125789,"review"
33,"Financial Risk","anchoring","model_validation","low","high",0.878770202584565,0.99,0.111229797415435,1e-04,0,"review"
758,"Organizational Strategy","framing","calibration_review","medium","high",0.390359176509082,0.279546378402486,0.110812798106596,0.519053420872973,-0.0178848803694285,"review"
210,"Public Policy","confirmation","decision_record","high","high",0.752812679298222,0.862723003382409,0.109910324084187,0.744290980565164,-0.0524800968744777,"review"
84,"Public Policy","confirmation","structured_dissent","high","high",0.707995566725731,0.817729766790181,0.10973420006445,0.668681971494724,-0.0535019602352623,"review"
880,"Organizational Strategy","framing","premortem","low","medium",0.61048009544611,0.500963041198187,0.109517054247922,0.250963968646537,-0.00602661651184522,"review"
435,"Public Policy","framing","model_validation","high","medium",0.29299186617136,0.183886906953751,0.109104959217609,0.0338143945490175,-0.0952087444063723,"review"
545,"AI Governance","anchoring","decision_record","high","medium",0.881761370785534,0.99,0.108238629214466,1e-04,-0.00446440738721954,"review"
734,"Organizational Strategy","confirmation","base_rate_check","medium","medium",0.565532205998898,0.673372637240837,0.107840431241939,0.106685434103006,-0.0116121702886102,"review"
104,"Public Policy","anchoring","model_validation","low","medium",0.572886762395501,0.680642367371314,0.107755604975813,0.101989297518199,-0.00346551344330681,"review"
715,"Healthcare","model_overtrust","decision_record","medium","low",0.464829946868122,0.572128131202508,0.107298184334387,0.327330598513275,-0.0359873061886848,"review"
766,"Organizational Strategy","anchoring","structured_dissent","medium","low",0.324706842005253,0.431993830765288,0.107286988760035,0.322631008288693,0.00523024012885659,"review"
134,"AI Governance","anchoring","independent_estimates","low","high",0.792424925975502,0.899622029216564,0.107197103241062,0.0100757370186003,-0.0364395191725603,"review"
410,"Organizational Strategy","overconfidence","structured_dissent","low","low",0.84868887681514,0.955682657837984,0.106993781022844,0.0019640268163052,-0.0529833550049907,"review"
452,"Financial Risk","model_overtrust","premortem","medium","high",0.306759219430387,0.412741673298005,0.105982453867618,0.344872342280828,0.191349322732704,"review"
447,"AI Governance","model_overtrust","base_rate_check","medium","high",0.884781365282834,0.99,0.105218634717166,1e-04,-0.0260824942618499,"review"
350,"AI Governance","availability","model_validation","medium","low",0.622681738249958,0.727864651675907,0.105182913425949,0.0740576478074756,-0.0700739645035608,"review"
781,"Financial Risk","anchoring","decision_record","medium","medium",0.316492272354662,0.42154943663461,0.105057164279948,0.177703927526957,-0.0131453212755898,"review"
61,"Healthcare","framing","premortem","high","high",0.49345362726599,0.598106047702445,0.104652420436455,0.161518748893349,-0.0761250151204464,"review"
547,"AI Governance","availability","independent_estimates","medium","low",0.544307962618768,0.648591440993096,0.104283478374328,0.420670857329501,0.0471619977452437,"review"
413,"Public Policy","framing","base_rate_check","high","medium",0.363019897416234,0.259271094302903,0.103748803113331,0.0672215003410249,-0.0157376718324052,"review"
552,"AI Governance","confirmation","calibration_review","low","high",0.773536201007664,0.876913423515336,0.103377222507671,0.0151503053107152,-0.0825989299216557,"review"
359,"Public Policy","model_overtrust","calibration_review","low","high",0.887081376649439,0.99,0.102918623350561,1e-04,-0.0680602126340514,"review"
388,"Healthcare","groupthink","base_rate_check","low","medium",0.112250472232699,0.214970149277366,0.102719677044667,0.616271866525601,0.0622815970410623,"review"
725,"Organizational Strategy","anchoring","model_validation","medium","medium",0.360326974093914,0.461865395832807,0.101538421738893,0.289588852202181,0.0372786535350831,"review"
726,"Financial Risk","anchoring","base_rate_check","low","medium",0.679539662599564,0.578362444887439,0.101177217712125,0.334503117656176,0.100191536161014,"review"
63,"Public Policy","anchoring","independent_estimates","low","medium",0.635518282279372,0.736054657366588,0.100536375087215,0.0696671438978694,-0.000860636895405165,"review"
833,"Financial Risk","overconfidence","calibration_review","medium","low",0.412428263574839,0.512937152433878,0.100508888859039,0.263104522346975,-0.0744916608188313,"review"
302,"Public Policy","availability","independent_estimates","low","low",0.8458646312356,0.946345376028694,0.100480744793095,0.895569570730891,-0.0568679438199435,"review"
342,"AI Governance","confirmation","structured_dissent","medium","medium",0.875977135263383,0.975997267188652,0.100020131925268,0.000576131182412968,-0.0606977698847332,"review"
416,"Infrastructure","anchoring","structured_dissent","high","medium",0.663109893724322,0.76311161158209,0.100001717857768,0.582339331731415,-0.0644623096082548,"review"
152,"Healthcare","framing","base_rate_check","medium","high",0.49624989181757,0.396276290315894,0.0999736015016756,0.157034898266527,-0.0477178072488295,"review"
658,"Public Policy","model_overtrust","decision_record","medium","low",0.206904573738575,0.306766495169085,0.09986192143051,0.480572692220154,-0.0154346113631612,"review"
769,"AI Governance","anchoring","decision_record","high","medium",0.629123247414827,0.728816495635981,0.0996932482211539,0.531173484311112,-0.0152936329319535,"review"
629,"Healthcare","anchoring","model_validation","medium","medium",0.798734372667968,0.898177900247143,0.0994435275791751,0.806723540492367,0.0206257806957507,"review"
429,"Healthcare","overconfidence","structured_dissent","high","medium",0.259517311863601,0.358865326781872,0.0993480149182712,0.12878432276626,-0.057205248754093,"review"
333,"Infrastructure","framing","structured_dissent","medium","low",0.234442253038287,0.33378415428591,0.0993419012476232,0.11141186165236,-0.0516383916430787,"review"
800,"Infrastructure","overconfidence","model_validation","medium","high",0.368225256726146,0.467415954437015,0.0991906977108692,0.218477674462266,-0.0276912349015801,"review"
807,"Healthcare","groupthink","premortem","low","medium",0.181772821396589,0.279812372943305,0.0980395515467161,0.518670218165553,-0.0409181387560628,"review"
106,"AI Governance","confirmation","independent_estimates","high","low",0.485745815001428,0.583682381174669,0.0979365661732404,0.340685122093731,-0.0215676646545206,"review"
392,"Infrastructure","overconfidence","decision_record","high","low",0.823294199630618,0.920736746625512,0.0974425469948939,0.847756156586532,0.069263253374488,"review"
252,"AI Governance","groupthink","calibration_review","medium","low",0.250611150637269,0.347525723257915,0.0969145726206456,0.425722681810108,-0.0464562164639268,"review"
437,"Public Policy","groupthink","structured_dissent","medium","low",0.300027801655233,0.203451450626461,0.0965763510287723,0.63448959150909,-0.0583815784859731,"review"
712,"Financial Risk","confirmation","independent_estimates","low","high",0.867959502711892,0.771418480985481,0.0965410217264109,0.0522495108349848,-0.073706212622563,"review"
794,"Healthcare","groupthink","independent_estimates","medium","low",0.582197971083224,0.678728406502693,0.0965304354194687,0.460672249793684,-0.0653178504787679,"review"
292,"Public Policy","groupthink","model_validation","low","medium",0.879948461800814,0.783694910933209,0.0962535508676049,0.0467878915561924,-0.0469107210528722,"review"
550,"Organizational Strategy","groupthink","base_rate_check","medium","medium",0.855421572551131,0.759269446294906,0.0961521262562248,0.0579511994871609,-1.98600441427832e-05,"review"
51,"Organizational Strategy","groupthink","base_rate_check","medium","medium",0.229937103390694,0.326025338552098,0.0960882351614043,0.10629252137801,-0.039501075342585,"review"
108,"Financial Risk","framing","premortem","medium","high",0.122014822438359,0.218016205576051,0.0960013831376918,0.047531065893779,-0.0623900719297612,"review"
751,"Public Policy","overconfidence","premortem","medium","high",0.652210519835353,0.747854122674344,0.0956436028389915,0.0635775434523245,-0.086242714353213,"review"
839,"Public Policy","model_overtrust","base_rate_check","high","high",0.178569406829774,0.274173387594758,0.0956039807649837,0.0751710464651854,-0.0655754919210924,"review"
594,"AI Governance","anchoring","independent_estimates","high","low",0.748885807953775,0.84363519286318,0.0947493849094051,0.711720338637295,0.0633079314293368,"review"
78,"Organizational Strategy","groupthink","base_rate_check","high","low",0.316206364706159,0.410281058178406,0.0940746934722476,0.168330546699993,-0.06134625658138,"review"
384,"Healthcare","overconfidence","premortem","low","low",0.594735947996378,0.688720323979308,0.0939843759829305,0.474335684662164,0.0817090763181495,"review"
62,"AI Governance","model_overtrust","premortem","medium","medium",0.538089058734477,0.632039347149409,0.0939502884149328,0.135395042046233,-0.0342316444317711,"review"
843,"AI Governance","framing","premortem","high","high",0.451610650494695,0.545472178247384,0.0938615277526894,0.206595540747178,-0.0624583827720009,"review"
516,"Financial Risk","anchoring","calibration_review","low","low",0.468049004301429,0.37421663930177,0.0938323649996586,0.391604814526771,0.215028505296518,"review"
607,"Financial Risk","anchoring","model_validation","high","medium",0.606959604099393,0.700589220380528,0.0936296162811351,0.08964681495234,-0.088892727276981,"review"
520,"AI Governance","model_overtrust","model_validation","high","medium",0.596586187370121,0.689568414939579,0.0929822275694575,0.475504598882283,0.00173119825378765,"review"
171,"AI Governance","model_overtrust","model_validation","high","high",0.844846205972135,0.937575023300289,0.0927288173281535,0.00389687771595951,-0.0735607766935378,"review"
787,"Healthcare","anchoring","independent_estimates","low","low",0.12652583271265,0.0339766186470583,0.092549214065592,0.00115441061468763,-0.0848903452272687,"review"
875,"Financial Risk","overconfidence","calibration_review","high","high",0.226359059847891,0.318569773971516,0.0922107141236249,0.464347152945231,-0.0162285912863978,"review"
446,"AI Governance","model_overtrust","calibration_review","medium","high",0.327261370047927,0.235060930948723,0.0922004390992034,0.585131779361034,-0.0365306685827214,"review"
714,"Infrastructure","model_overtrust","independent_estimates","low","high",0.751038921996951,0.658845105545436,0.0921938164515151,0.434076873101177,-0.0696978751031391,"review"
71,"Infrastructure","confirmation","premortem","medium","low",0.527424718439579,0.619500065085795,0.0920753466462161,0.383780330641304,-0.0907855365628437,"review"
272,"Organizational Strategy","framing","independent_estimates","high","medium",0.450809541717172,0.542870875323265,0.0920613336060934,0.294708787274248,-0.00420059149324292,"review"
463,"Organizational Strategy","availability","decision_record","high","high",0.635784629918635,0.727705658685975,0.0919210287673404,0.529555525683589,-0.0141041734366071,"review"
485,"Healthcare","overconfidence","decision_record","medium","medium",0.810131306946278,0.90179042346334,0.0916591165170623,0.81322596785019,-0.0456661789355503,"review"
163,"Healthcare","model_overtrust","calibration_review","medium","medium",0.521064087562263,0.612661559377593,0.0915974718153297,0.375354186338984,0.0237720415324445,"review"
110,"Healthcare","framing","decision_record","high","high",0.848626028746367,0.757554263537964,0.0910717652084023,0.573888462204547,0.0769561103924513,"review"
188,"Infrastructure","overconfidence","structured_dissent","medium","low",0.323995909839869,0.232998066103682,0.0909978437361869,0.588291966600692,-0.00201412622173222,"review"
768,"Financial Risk","model_overtrust","structured_dissent","medium","medium",0.681419864110649,0.772269643011822,0.0908497789011737,0.596400401517608,0.0432565363019289,"review"
353,"Public Policy","model_overtrust","structured_dissent","medium","medium",0.296836006268859,0.387403757998786,0.0905677517299271,0.150081671711582,-0.0356508160085005,"review"
703,"Organizational Strategy","model_overtrust","independent_estimates","low","high",0.120484939403832,0.210795733604093,0.090310794200261,0.0444348413056877,0.319573400583483,"review"
565,"Healthcare","overconfidence","calibration_review","medium","high",0.24979814440012,0.340108364683396,0.0903102202832761,0.115673699727614,-0.0248405635275252,"review"
92,"Healthcare","overconfidence","decision_record","high","medium",0.777396793290973,0.867689545622161,0.0902927523311879,0.752885147581992,0.0863107891653795,"review"
589,"AI Governance","confirmation","structured_dissent","high","low",0.725548099726439,0.815685795226413,0.0901376954999742,0.0339717260813199,-0.0125237664624508,"review"
98,"Financial Risk","groupthink","calibration_review","medium","low",0.361142423935235,0.271214521411525,0.0899279025237091,0.0735573166244828,-0.0501958146859836,"review"
343,"Healthcare","overconfidence","base_rate_check","low","medium",0.304699534550309,0.393999702003475,0.0893001674531655,0.155235765178827,-0.0520597482627699,"review"
775,"Financial Risk","framing","decision_record","low","high",0.851355148665607,0.762465598037558,0.0888895506280486,0.0564225921156548,0.0497553007063444,"review"
494,"Financial Risk","availability","decision_record","high","high",0.53541421815753,0.624278967588868,0.0888647494313384,0.141166294196087,-0.0350109337815214,"review"
826,"AI Governance","overconfidence","model_validation","medium","medium",0.286081354692578,0.374775545106455,0.0886941904138769,0.140456709209841,-0.010025403983209,"review"
608,"Organizational Strategy","groupthink","calibration_review","medium","high",0.450677464157343,0.539331673892145,0.0886542097348024,0.290878654463303,-0.034537218536259,"review"
521,"Organizational Strategy","availability","independent_estimates","low","medium",0.54417263995856,0.455831201206091,0.0883414387524696,0.296119681580806,0.0448130508432704,"review"
230,"Infrastructure","framing","independent_estimates","low","high",0.385079980827868,0.473269162173938,0.08818918134607,0.277445375516945,0.0335759026913264,"review"
220,"Infrastructure","anchoring","premortem","medium","medium",0.598680868372321,0.510506249332913,0.0881746190394077,0.239604131942132,-0.0320760598824253,"review"
69,"AI Governance","availability","independent_estimates","medium","low",0.711574457399547,0.623469846222697,0.0881046111768501,0.141774956703559,-0.0390222110676748,"review"
174,"Public Policy","groupthink","model_validation","medium","medium",0.776376977190375,0.688373941655202,0.0880030355351734,0.0971108002395155,-0.0522696277048192,"review"
462,"Healthcare","overconfidence","base_rate_check","medium","low",0.326515485346317,0.413921254487847,0.08740576914153,0.343488295941099,0.0525175416892921,"review"
263,"Healthcare","availability","model_validation","medium","medium",0.613496461696923,0.526179528268874,0.0873169334280485,0.276864895969255,-0.0375912642186266,"review"
411,"Healthcare","framing","base_rate_check","low","high",0.838209346309304,0.751101017373631,0.0871083289356732,0.0619507035524415,-0.0620876763648995,"review"
553,"Public Policy","availability","model_validation","medium","low",0.632788611762226,0.719641559993199,0.0868529482309734,0.078600854883047,-0.0726582440458128,"review"
827,"Financial Risk","availability","base_rate_check","medium","medium",0.596200313977897,0.682955880303811,0.0867555663259135,0.100516973833932,-0.0807625367377781,"review"
804,"AI Governance","overconfidence","calibration_review","medium","medium",0.76933831833303,0.856042563437576,0.0867042451045463,0.0207237435416243,-0.0200563292029147,"review"
642,"AI Governance","availability","decision_record","medium","high",0.417066581360996,0.330553479026283,0.0865131023347129,0.448158644443814,-0.0797021205997878,"review"
6,"Infrastructure","availability","premortem","low","medium",0.404527856223285,0.318167503992972,0.0863603522303132,0.101230560597118,-0.0585638769323648,"review"
757,"Healthcare","confirmation","structured_dissent","high","medium",0.473298022337258,0.55961660065005,0.0863185783127925,0.313170739723118,-0.0538614998470512,"review"
543,"Financial Risk","overconfidence","structured_dissent","medium","high",0.184404176846147,0.270097467709352,0.0856932908632054,0.0729526420630044,-0.00538214447109098,"review"
247,"Organizational Strategy","model_overtrust","decision_record","low","high",0.389457407407463,0.474929388238897,0.0854719808314345,0.225557923812973,-0.0679787149192188,"review"
590,"Organizational Strategy","anchoring","decision_record","high","low",0.504745494946837,0.589937647457567,0.0851921525107293,0.348026427887768,-0.0713866271466704,"review"
832,"Financial Risk","model_overtrust","premortem","low","medium",0.875158091261983,0.960241531766549,0.0850834405045664,0.0015807357962703,-0.00834433115957434,"review"
297,"Financial Risk","overconfidence","base_rate_check","high","medium",0.11192899569869,0.196943975771847,0.0850149800731569,0.038786929592822,-0.0410454931256656,"review"
306,"Infrastructure","availability","base_rate_check","medium","medium",0.612314208224416,0.697114407866665,0.0848001996422494,0.0917396819219608,-0.084007732290498,"review"
109,"Public Policy","confirmation","base_rate_check","low","medium",0.859403384290636,0.775092535041179,0.0843108492494566,0.0505833677942033,-0.0576376498349523,"review"
89,"Infrastructure","availability","model_validation","high","high",0.632421046867967,0.548151443233433,0.0842696036345338,0.300470004718895,-0.0500073146538962,"review"
244,"Organizational Strategy","model_overtrust","base_rate_check","low","medium",0.163714582845569,0.247643044502757,0.0839284616571882,0.0613270774905944,-0.0218494196500646,"review"
361,"Healthcare","confirmation","independent_estimates","high","medium",0.262395817041397,0.346296362747054,0.0839005457056571,0.119921170851839,-0.0599281574147255,"review"
326,"Healthcare","framing","structured_dissent","high","high",0.367855364270508,0.28424128121728,0.0836140830532285,0.512310543513481,0.0359851619295555,"review"
855,"AI Governance","model_overtrust","premortem","medium","medium",0.638712749071419,0.722094717355656,0.0833819682842363,0.077231346121633,-0.04145715463407,"review"
358,"Healthcare","overconfidence","model_validation","medium","high",0.615750327333808,0.532799794260127,0.0829505330736809,0.21827603224338,-0.0398133387046544,"review"
668,"Public Policy","model_overtrust","model_validation","high","medium",0.419788340106606,0.502571099805301,0.0827827596986941,0.252577710359509,-0.073760949670168,"review"
573,"AI Governance","availability","independent_estimates","medium","high",0.817886367067695,0.736097984495518,0.0817883825721765,0.0696442737873277,-0.00565073000864458,"review"
622,"Public Policy","model_overtrust","base_rate_check","low","low",0.643475809507072,0.562065081607539,0.0814107278995329,0.31591715596249,-0.0418650735800763,"review"
483,"Infrastructure","groupthink","premortem","medium","medium",0.238524374179542,0.319016807996754,0.0804924338172121,0.46373810779093,-0.0794752769689632,"review"
862,"Healthcare","groupthink","independent_estimates","low","low",0.827751807868481,0.907849909139163,0.0800981012706818,0.0084916392456606,-0.0646038809038497,"review"
569,"Infrastructure","overconfidence","structured_dissent","high","high",0.538173018395901,0.617999349471894,0.0798263310759935,0.381923195947684,0.114306324390416,"review"
331,"Public Policy","availability","premortem","high","medium",0.259521426260471,0.339251369515344,0.0797299432548729,0.436588752687348,-0.0205987627259904,"review"
842,"Financial Risk","overconfidence","structured_dissent","medium","high",0.217513401061296,0.297071604283146,0.0795582032218496,0.49410832950507,0.132536640062335,"review"
834,"Healthcare","overconfidence","independent_estimates","high","medium",0.782251607999206,0.861719304936143,0.0794676969369369,0.0191215506273435,-0.0102646618903703,"review"
99,"Organizational Strategy","anchoring","decision_record","medium","high",0.735356389172375,0.814564267171745,0.0792078779993701,0.663514945353043,-0.0182482309806786,"review"
877,"Public Policy","anchoring","base_rate_check","low","medium",0.740564310364425,0.819731887824713,0.0791675774602879,0.671960367916668,0.170268112175287,"review"
424,"AI Governance","groupthink","premortem","high","low",0.348235620930791,0.427048002927471,0.0788123819966804,0.328273990949399,-0.00405913091200494,"review"
672,"Public Policy","groupthink","base_rate_check","low","high",0.331366924755275,0.409523398595214,0.0781564738399387,0.167709413996975,-0.0043075765521865,"review"
298,"AI Governance","overconfidence","calibration_review","medium","medium",0.845804135687649,0.767808760817563,0.077995374870086,0.0539127715530755,-0.0276049238511703,"review"
248,"Healthcare","anchoring","calibration_review","medium","medium",0.887409698963165,0.809656841509925,0.0777528574532408,0.036230517983978,-0.0510997824822536,"review"
240,"Financial Risk","framing","structured_dissent","high","medium",0.219312057644129,0.141666781408774,0.0776452762353544,0.0200694769547215,-0.0424295441232052,"review"
293,"Organizational Strategy","framing","independent_estimates","low","medium",0.461666503734887,0.539303631824617,0.0776371280897307,0.290848407299222,0.0107827289139893,"review"
307,"AI Governance","framing","structured_dissent","medium","low",0.754372681863606,0.676764624893403,0.0776080569702028,0.104481107720302,-0.0616669056360482,"review"
837,"Infrastructure","availability","model_validation","medium","medium",0.117912437207997,0.0403941359461799,0.077518301261817,0.00163168621883846,-0.0577264873060813,"review"
699,"AI Governance","groupthink","model_validation","low","medium",0.129463314637542,0.206946376820114,0.0774830621825721,0.628934049238745,0.0419802524549697,"review"
893,"Public Policy","groupthink","independent_estimates","medium","low",0.371882818080485,0.294576574785467,0.0773062432950182,0.497622208841404,0.0229756414354955,"review"
189,"Healthcare","groupthink","decision_record","high","low",0.837153332307935,0.759854282210443,0.0772990500974922,0.0576699657726617,-0.0297311177310151,"review"
318,"Financial Risk","confirmation","independent_estimates","high","high",0.840530021674931,0.91763437808904,0.0771043564141093,0.00678409567277915,-0.012141711387027,"review"
657,"Financial Risk","framing","independent_estimates","medium","medium",0.549074240401387,0.472724099093508,0.0763501413078788,0.278019875676752,-0.039975245991804,"review"
556,"Infrastructure","overconfidence","structured_dissent","high","medium",0.541021613776684,0.616911486398541,0.0758898726218574,0.380579782050458,0.0197866739733041,"review"
103,"Infrastructure","availability","base_rate_check","medium","high",0.230182438157499,0.305768699647322,0.0755862614898232,0.0934944976840142,-0.0171488838988544,"review"
702,"Public Policy","framing","premortem","high","high",0.416120549477637,0.491608007378347,0.0754874579007098,0.258462418161815,-0.00554776801942902,"review"
479,"Healthcare","confirmation","structured_dissent","high","high",0.547212290763855,0.622694323548061,0.0754820327842057,0.387748220578977,-0.0358455049887129,"review"
792,"Organizational Strategy","confirmation","model_validation","high","high",0.457015304081142,0.532158975328124,0.0751436712469821,0.218875224366031,-0.00654000205013183,"review"
859,"Organizational Strategy","groupthink","decision_record","medium","high",0.468852982670069,0.543681779617876,0.0748287969478068,0.208226318252709,-0.00219485320392576,"review"
738,"Infrastructure","framing","structured_dissent","medium","high",0.534029784239829,0.608056819812717,0.0740270355728881,0.153619456495321,-0.017103665772284,"review"
631,"Financial Risk","model_overtrust","premortem","high","medium",0.531172147579491,0.605096133762993,0.0739239861835014,0.366141331094921,0.0898108699368705,"review"
572,"Financial Risk","availability","base_rate_check","low","medium",0.774884065240622,0.701029963072779,0.0738541021678427,0.089383082980264,-0.0171324990074093,"review"
841,"Financial Risk","model_overtrust","independent_estimates","low","medium",0.614205685444176,0.540541213180753,0.0736644722634233,0.29218480314692,0.111951287217343,"review"
183,"Financial Risk","anchoring","premortem","high","high",0.461083510145545,0.534666989745551,0.0735834796000061,0.285868789923569,-0.0245295175915521,"review"
422,"Financial Risk","framing","decision_record","high","low",0.330118520371616,0.403481338127347,0.0733628177557316,0.35583451396234,0.00345990370567179,"review"
576,"AI Governance","groupthink","premortem","medium","medium",0.761830943077803,0.835016170644012,0.073185227566209,0.697252005236989,-0.00949880183059626,"review"
178,"Organizational Strategy","anchoring","structured_dissent","low","medium",0.794769072905183,0.866871910682499,0.0721028377773161,0.0177230881653285,-0.0324576718890536,"review"
782,"Healthcare","anchoring","independent_estimates","high","medium",0.881482991203666,0.953546852122847,0.0720638609191808,0.90925159919339,0.0364531478771534,"review"
861,"Financial Risk","model_overtrust","structured_dissent","low","medium",0.751278594881296,0.823187784167449,0.0719091892861531,0.0312625596676165,-0.00597958294864542,"review"
511,"Infrastructure","framing","structured_dissent","low","medium",0.862486368976533,0.791033395727738,0.0714529732487953,0.625733833156556,-0.00736194509013122,"review"
491,"Financial Risk","overconfidence","calibration_review","medium","high",0.381559548340738,0.452855382645888,0.0712958343051504,0.299367232299577,-0.0433258181021878,"review"
646,"Healthcare","model_overtrust","model_validation","high","medium",0.254014172777534,0.325292660436492,0.0712784876589587,0.455229994060867,0.148302043636892,"review"
677,"Healthcare","model_overtrust","structured_dissent","low","high",0.149502121470869,0.0786675603221014,0.0708345611487672,0.00618858504703146,0.043881733300845,"review"
399,"Public Policy","anchoring","calibration_review","low","high",0.260790840908885,0.331227586584328,0.0704367456754426,0.447256540945823,0.215397683292332,"review"
830,"Infrastructure","availability","calibration_review","high","high",0.383353972993791,0.45353249049907,0.0701785175052787,0.298626738940149,0.0194957969526308,"review"
126,"Public Policy","model_overtrust","structured_dissent","high","medium",0.694361197948456,0.764421950782415,0.0700607528339587,0.584340918837992,-0.0471558838996129,"review"
391,"Organizational Strategy","model_overtrust","calibration_review","medium","high",0.649797035567462,0.719839430698051,0.0700423951305887,0.518168805987695,-0.0079773688928394,"review"
681,"Public Policy","anchoring","premortem","high","high",0.711653413437307,0.780825252811204,0.0691718393738966,0.60968807542768,0.0710691816104956,"review"
283,"Financial Risk","groupthink","model_validation","low","high",0.349227920174599,0.280553532139311,0.068674388035288,0.517603220117222,0.0157348870361849,"review"
197,"Financial Risk","model_overtrust","structured_dissent","high","low",0.511020960845053,0.579690102800266,0.0686691419552131,0.336040615284583,0.0652440520883777,"review"
142,"Organizational Strategy","groupthink","structured_dissent","low","medium",0.491271572932601,0.422793763029661,0.0684778099029401,0.333167039997459,-0.0518195677368124,"review"
700,"Infrastructure","anchoring","decision_record","medium","medium",0.367142377607524,0.298883720031991,0.0682586575755339,0.49156403803618,-0.0256496220104034,"review"
624,"AI Governance","confirmation","decision_record","low","medium",0.733381213247776,0.801555465855168,0.0681742526073924,0.642491164842296,0.0819077404523599,"review"
857,"Healthcare","model_overtrust","base_rate_check","medium","medium",0.253706495650113,0.321489355978269,0.0677828603281567,0.460376694050784,0.129548605606098,"review"
457,"Organizational Strategy","overconfidence","premortem","medium","high",0.876309219002724,0.944089110544376,0.0677798915416528,0.891304248648472,0.0459108894556235,"review"
460,"Public Policy","anchoring","decision_record","medium","high",0.5473956072703,0.479754261176351,0.0676413460939496,0.270655628764165,0.0393541782205641,"review"
770,"Organizational Strategy","availability","independent_estimates","medium","medium",0.618897315487266,0.685634469055619,0.0667371535683532,0.0988256870459426,-0.000156957718155493,"review"
323,"AI Governance","availability","independent_estimates","medium","medium",0.40729399099946,0.473930912921036,0.066636921921576,0.224610510222167,-0.0344477036391194,"review"
448,"Organizational Strategy","confirmation","model_validation","medium","high",0.733669139444828,0.799822090657125,0.0661529512122968,0.639715376703134,0.190177909342875,"review"
215,"AI Governance","groupthink","calibration_review","medium","medium",0.618703983724117,0.684027663200223,0.0653236794761054,0.467893844023157,-0.00106925548426973,"review"
610,"Healthcare","groupthink","model_validation","high","medium",0.379027098231018,0.443849857609477,0.0648227593784591,0.309302980880999,0.0540947988565024,"review"
53,"Healthcare","availability","base_rate_check","low","high",0.711083678714931,0.646357122663763,0.0647265560511685,0.125063284690653,0.0299451231187453,"review"
574,"Healthcare","model_overtrust","decision_record","high","medium",0.832781722769141,0.897346464598724,0.0645647418295832,0.010537748330381,-0.00503758194542547,"review"
722,"Financial Risk","anchoring","premortem","medium","high",0.698091818019748,0.76128677994303,0.0631949619232828,0.579557561316028,0.114075428209555,"review"
164,"Infrastructure","availability","independent_estimates","low","high",0.346242427639663,0.409222068674194,0.0629796410345312,0.167462701489987,0.214149508250347,"review"
761,"Organizational Strategy","anchoring","calibration_review","medium","low",0.794846956059337,0.857758742145373,0.0629117860860358,0.735750059726812,-0.002567335946282,"review"
542,"AI Governance","framing","model_validation","medium","medium",0.533011513948441,0.595811967694047,0.0628004537456067,0.354991900847452,0.0697377019131941,"review"
788,"Infrastructure","anchoring","base_rate_check","low","medium",0.167379701137543,0.230150027914389,0.0627703267768462,0.592668979520216,0.00692646301138813,"review"
539,"Organizational Strategy","anchoring","model_validation","medium","medium",0.87136687412858,0.934115087081965,0.0627482129533853,0.004340821750217,-0.0249529517348619,"review"
835,"Public Policy","availability","calibration_review","medium","high",0.133830041065812,0.196013907579368,0.0621838665135556,0.0384214519645329,-0.0372676249658022,"review"
534,"AI Governance","overconfidence","premortem","medium","medium",0.769050946086645,0.830826180426997,0.0617752343403515,0.0286197812289191,-0.00109168096623935,"review"
111,"AI Governance","confirmation","structured_dissent","low","high",0.812018057145178,0.873290737493657,0.0612726803484782,0.0160552372049014,0.116709262506343,"review"
232,"AI Governance","anchoring","base_rate_check","medium","medium",0.881940705701709,0.943053151016686,0.061112445314977,0.8893492456425,0.0411990619042629,"review"
269,"Financial Risk","framing","base_rate_check","low","high",0.536504060775042,0.59680435618591,0.0603002954108682,0.162566727190659,0.0130878036289319,"review"
660,"Financial Risk","groupthink","independent_estimates","medium","medium",0.750581453368068,0.810605451820717,0.0600239984526488,0.0358702948800349,-0.0314638102154761,"review"
57,"AI Governance","framing","premortem","low","medium",0.706838850863278,0.647056466624375,0.0597823842389029,0.124569137751671,-0.028091191824969,"review"
138,"Healthcare","confirmation","base_rate_check","low","low",0.444665578752756,0.504179378491082,0.0595137997383254,0.254196845695653,0.199189375666832,"review"
502,"Organizational Strategy","overconfidence","calibration_review","medium","medium",0.503771274536848,0.444463841958006,0.0593074325788424,0.30862042289206,0.0695712485500289,"review"
440,"Organizational Strategy","availability","model_validation","medium","medium",0.441012433543801,0.382880409137444,0.0581320244063569,0.146597407701257,-0.0152300647398912,"review"
679,"AI Governance","groupthink","base_rate_check","high","medium",0.248008640669286,0.190259770125525,0.0577488705437613,0.0361987801282176,-0.049068596195124,"review"
674,"Public Policy","overconfidence","base_rate_check","medium","medium",0.572700760141015,0.630192920390065,0.0574921602490496,0.136757276129629,-0.053379779080153,"review"
284,"Public Policy","confirmation","model_validation","high","medium",0.729212833195925,0.786629788528084,0.0574169553321587,0.0455268471435704,-0.00407760185968853,"review"
514,"Financial Risk","model_overtrust","calibration_review","low","high",0.854406943917275,0.91175799847065,0.0573510545533759,0.00778665083390573,0.0106153854362213,"review"
309,"Healthcare","confirmation","structured_dissent","low","medium",0.398131424002349,0.45494630138156,0.0568148773792109,0.297083534377641,-0.0207857464147692,"review"
433,"Infrastructure","groupthink","calibration_review","low","medium",0.360223526135087,0.416875636120106,0.0566521099850193,0.173785295990543,-0.00475800367559087,"review"
158,"Infrastructure","availability","base_rate_check","medium","high",0.739956542477012,0.683723302919851,0.0562332395571604,0.467477554955631,0.00918777956226935,"review"
537,"Organizational Strategy","confirmation","premortem","high","low",0.74312839563936,0.799123586723794,0.0559951910844345,0.638598506858302,0.105462369761325,"review"
559,"Financial Risk","overconfidence","decision_record","medium","medium",0.285890695266426,0.341611879435698,0.0557211841692728,0.433474917300193,0.0859509505313451,"review"
659,"Organizational Strategy","framing","independent_estimates","medium","high",0.232447750866413,0.176874058871642,0.0555736919947716,0.0312844327017289,-0.0527021437270177,"review"
759,"AI Governance","availability","base_rate_check","high","medium",0.457480842620134,0.4019671274311,0.0555137151890343,0.35764331667301,-0.00237022311280666,"review"
846,"Organizational Strategy","overconfidence","structured_dissent","high","medium",0.649953180924058,0.704415452213657,0.0544622712895988,0.496201129317371,0.0139808702523911,"review"
523,"Healthcare","confirmation","model_validation","medium","low",0.840825803391635,0.895225066056112,0.0543992626644766,0.0109777867829461,-0.0390836235857567,"review"
748,"Financial Risk","framing","base_rate_check","high","low",0.539842600189149,0.594041361327799,0.0541987611386497,0.352885138968185,0.0983165373930694,"review"
237,"Public Policy","model_overtrust","base_rate_check","low","high",0.821523080766201,0.767889185140466,0.053633895625735,0.0538754303747568,0.146196902095376,"review"
96,"AI Governance","groupthink","independent_estimates","low","medium",0.68761312160641,0.634272550315536,0.0533405712908734,0.133756567452702,-0.0292417971734392,"review"
680,"Healthcare","model_overtrust","independent_estimates","medium","high",0.792397888377309,0.84496908371184,0.0525711953345311,0.0240345850051465,-0.000384669874328503,"review"
28,"Financial Risk","groupthink","calibration_review","low","low",0.200708893686533,0.148804741642351,0.0519041520441821,0.724533367850545,-0.00099054702993917,"review"
894,"Healthcare","groupthink","independent_estimates","high","low",0.100306059420109,0.0484784627128878,0.051827596707221,0.00235016134700486,-0.0083564866064263,"review"
585,"AI Governance","anchoring","decision_record","high","low",0.444271480292082,0.495453064083959,0.0511815837918776,0.245473738710184,-0.0317344300576894,"review"
897,"AI Governance","confirmation","base_rate_check","low","medium",0.378587178699672,0.328180934568931,0.0504062441307414,0.107702725814537,-0.0113266681932108,"review"
790,"Organizational Strategy","groupthink","calibration_review","low","high",0.38212918061763,0.331856056611075,0.0502731240065555,0.110128442309453,0.0612873753722162,"review"
456,"Healthcare","framing","calibration_review","high","medium",0.644904543831945,0.59473153312853,0.050173010703414,0.164242530240351,-5.81070688382423e-05,"review"
442,"Healthcare","framing","premortem","medium","high",0.619321151822805,0.669101071159657,0.049779919336852,0.447696243427001,0.0531088847931517,"review"
616,"Infrastructure","model_overtrust","base_rate_check","high","high",0.772459506429732,0.821488435652767,0.0490289292230354,0.0318663786056962,-0.0337335444005682,"review"
9,"Public Policy","overconfidence","decision_record","low","low",0.709470612928271,0.660544862691372,0.0489257502368996,0.436319515627963,-0.0456336902805211,"review"
285,"Financial Risk","framing","premortem","medium","high",0.546818462200463,0.595669700034337,0.048851237833874,0.354822391538997,-0.00502122577495856,"review"
372,"Healthcare","availability","calibration_review","medium","medium",0.897001120820642,0.848879799354271,0.0481213214663703,0.0228373150432053,-0.0440221469596427,"review"
13,"Organizational Strategy","model_overtrust","model_validation","medium","high",0.720999477803707,0.673206103955166,0.0477933738485411,0.453206458402494,0.0751231967914638,"review"
122,"Public Policy","groupthink","base_rate_check","high","medium",0.419598141498864,0.371833283512787,0.0477648579860765,0.138259990727901,-0.0106265103479726,"review"
571,"Public Policy","groupthink","decision_record","high","medium",0.645353451929986,0.597850730783629,0.0475027211463578,0.357425496298519,-0.0174279167250156,"review"
401,"Healthcare","model_overtrust","decision_record","medium","low",0.211236878111959,0.258477385103002,0.0472405069910436,0.0668105586096857,-0.003955878098171,"review"
419,"Financial Risk","confirmation","base_rate_check","medium","high",0.723516016453505,0.770702435626159,0.0471864191726545,0.593982244280094,-0.0417233168406721,"review"
509,"Financial Risk","anchoring","decision_record","low","high",0.330001821741462,0.377169722470857,0.0471679007293955,0.142256999548743,0.00748297290956301,"review"
15,"Healthcare","confirmation","base_rate_check","medium","medium",0.355662833340466,0.402756773854449,0.0470939405139825,0.162213018885643,-0.025526195979714,"review"
266,"Infrastructure","availability","structured_dissent","medium","medium",0.881889186240733,0.928739878232741,0.0468506919920079,0.00507800495428463,-0.0224260417559802,"review"
377,"Healthcare","model_overtrust","premortem","high","high",0.657278039865196,0.703428770953851,0.046150731088655,0.494812035805645,-0.0440684203579664,"review"
235,"Public Policy","groupthink","base_rate_check","medium","low",0.146216271445155,0.192210393707702,0.0459941222625473,0.03694483544927,-0.0318347371367644,"review"
689,"Financial Risk","framing","model_validation","medium","medium",0.619496985897422,0.573586830601034,0.045910155296388,0.329001852238939,0.139115098115786,"review"
124,"Public Policy","model_overtrust","calibration_review","low","low",0.222812010347843,0.17706684513805,0.0457451652097932,0.0313526676471422,-0.0285162929030271,"review"
379,"AI Governance","overconfidence","premortem","medium","low",0.392968320660293,0.438690044281179,0.0457217236208862,0.315068866389064,0.099945680142389,"review"
737,"Public Policy","framing","structured_dissent","medium","low",0.302782503701746,0.348465752294855,0.0456832485931085,0.121428380522419,-0.0219663099637561,"review"
654,"Public Policy","groupthink","decision_record","high","high",0.380697191506624,0.426128793165258,0.0454316016586337,0.329328162033963,-0.0281902299739683,"review"
593,"Public Policy","groupthink","premortem","high","medium",0.515648722276092,0.560480303409727,0.0448315811336353,0.31413817051026,-0.0289298800176766,"review"
118,"Healthcare","groupthink","structured_dissent","high","medium",0.463649371080101,0.419074997329232,0.0445743737508689,0.337473858728032,0.0377941029196239,"review"
720,"Infrastructure","anchoring","calibration_review","high","high",0.716188001446426,0.760615764034035,0.0444277625876089,0.578536340497079,0.00458040409952298,"review"
262,"Healthcare","anchoring","independent_estimates","medium","medium",0.2714598974213,0.315706421709215,0.0442465242879144,0.0996705447084366,-0.0150631163845151,"review"
137,"Public Policy","confirmation","premortem","medium","medium",0.370201320946217,0.326073671363207,0.0441276495830096,0.454176696429867,0.0596914215777054,"review"
322,"Infrastructure","groupthink","base_rate_check","medium","low",0.876307962462306,0.832416161120592,0.0438918013417136,0.0280843430535592,-0.0294730648678497,"review"
80,"Infrastructure","overconfidence","structured_dissent","high","low",0.603589266911149,0.64730783220614,0.0437185652949906,0.419007429635412,0.0355622605876486,"review"
221,"AI Governance","anchoring","decision_record","low","low",0.480379642732441,0.522718999033025,0.0423393563005831,0.273235151950087,0.227599522927962,"review"
36,"Infrastructure","groupthink","model_validation","medium","medium",0.224421008117497,0.266037104037464,0.0416160959199671,0.0707757407246405,-0.00663021781621187,"review"
130,"Organizational Strategy","confirmation","calibration_review","high","low",0.460124482400715,0.50146235726398,0.041337874863265,0.251464495752748,-0.0152315464548507,"review"
476,"AI Governance","confirmation","independent_estimates","medium","low",0.219760416820645,0.261061438238977,0.041301021418332,0.0681530745354034,-0.00979407893741852,"review"
688,"Public Policy","overconfidence","model_validation","high","low",0.353516290150583,0.394090994536384,0.0405747043858011,0.367125722901908,0.0352812054113936,"review"
798,"Healthcare","model_overtrust","decision_record","high","medium",0.700875741057098,0.74082136228873,0.0399456212316318,0.548816290823329,-0.00814494005976907,"review"
506,"AI Governance","model_overtrust","premortem","medium","medium",0.676788406260312,0.716677024010496,0.0398886177501847,0.0802719087235488,-0.0227634318462393,"review"
450,"Organizational Strategy","confirmation","structured_dissent","low","low",0.749402993917465,0.788913029177679,0.0395100352602137,0.622383767606301,0.201086970822321,"review"
239,"Organizational Strategy","groupthink","premortem","low","high",0.526926187425852,0.566424408834248,0.0394982214083958,0.187987793254732,0.102359179904883,"review"
295,"Public Policy","groupthink","structured_dissent","medium","medium",0.260532888583839,0.221051031825971,0.0394818567578679,0.0488635586713265,-0.0345517763034653,"review"
713,"AI Governance","framing","model_validation","medium","medium",0.376009172946215,0.415351902057888,0.0393427291116735,0.341813398427329,0.204412945360889,"review"
376,"Organizational Strategy","availability","model_validation","high","medium",0.276767715997994,0.315971185977295,0.0392034699793006,0.099837790367898,-0.00873856905916198,"review"
125,"AI Governance","model_overtrust","calibration_review","medium","medium",0.497451001033187,0.536241667155054,0.0387906661218671,0.287555125593232,0.0216654141440801,"review"
870,"Organizational Strategy","groupthink","calibration_review","medium","high",0.513700000010431,0.474925036843963,0.0387749631664677,0.275703716933314,0.0291741350540504,"review"
34,"Organizational Strategy","confirmation","premortem","high","low",0.226437035575509,0.187753127748493,0.0386839078270166,0.659744981482357,0.00196167273598147,"review"
707,"Healthcare","groupthink","independent_estimates","medium","medium",0.517585933767259,0.479923585937805,0.037662347829454,0.230326648339402,-0.00562056434548291,"review"
852,"Infrastructure","overconfidence","model_validation","medium","medium",0.599644692614675,0.63676173801709,0.037117045402415,0.405465511002545,-0.0319802652293868,"review"
535,"Organizational Strategy","confirmation","calibration_review","medium","low",0.602793552353978,0.63982963528878,0.0370360829348021,0.409381962193774,-0.0233249756674629,"review"
619,"Infrastructure","availability","model_validation","medium","medium",0.380247100628912,0.34394006472354,0.0363070359053728,0.430414638674953,0.0783326506707175,"review"
829,"Infrastructure","overconfidence","calibration_review","low","medium",0.555090729705989,0.591262906066818,0.0361721763608286,0.349591824090579,-0.000375713267862676,"review"
872,"Healthcare","confirmation","calibration_review","high","medium",0.389939055405557,0.426041383793383,0.036102328387826,0.329428493117814,0.0356797508120696,"review"
577,"Infrastructure","confirmation","base_rate_check","low","high",0.357766332663596,0.393618037320322,0.0358517046567267,0.154935159303903,0.11944491890566,"review"
817,"Organizational Strategy","anchoring","model_validation","high","high",0.662940135970712,0.698707979537299,0.035767843566587,0.0907768815944968,-0.0312599252385275,"review"
43,"Infrastructure","anchoring","independent_estimates","low","high",0.560159684531391,0.524519763734987,0.0356399207964033,0.226081455078632,0.0801759373170234,"review"
586,"Infrastructure","availability","base_rate_check","high","low",0.391922477260232,0.427295913803757,0.0353734365435247,0.327989970345874,-0.00264717139012949,"review"
704,"Financial Risk","confirmation","base_rate_check","low","high",0.873800067417324,0.908181780365203,0.0343817129478798,0.824794146187311,-0.0248732444833197,"review"
90,"Public Policy","groupthink","calibration_review","medium","medium",0.106158603727818,0.0721672797834766,0.0339913239443409,0.0052081162713466,-0.0276713619638204,"review"
66,"AI Governance","overconfidence","premortem","low","low",0.65024285223335,0.683829022069739,0.0335861698363887,0.467622131424856,0.254546626123182,"review"
606,"Healthcare","groupthink","decision_record","medium","low",0.347158796899021,0.313934190841883,0.0332246060571377,0.0985546761795478,-0.0034412920269834,"review"
464,"Public Policy","framing","premortem","medium","high",0.251587959937751,0.218459758899184,0.033128201038567,0.610805148459921,0.0229737068142948,"review"
180,"Healthcare","groupthink","independent_estimates","high","low",0.89187462888658,0.924741146921015,0.032866518034434,0.00566389496676432,-0.0237343985931422,"review"
530,"Healthcare","framing","decision_record","high","low",0.89661823399365,0.92918153715592,0.0325633031622704,0.00501525467959836,-0.0109620214578501,"review"
216,"Infrastructure","anchoring","calibration_review","low","low",0.477003554068506,0.444516648738151,0.0324869053303549,0.308561753529095,0.328893880704294,"review"
587,"Financial Risk","groupthink","base_rate_check","low","medium",0.729662616178393,0.698251459072245,0.0314111571061488,0.487555100096518,0.213651804111445,"review"
179,"Infrastructure","framing","calibration_review","medium","high",0.430461363866925,0.399439339607003,0.0310220242599223,0.360673106811673,0.0030421592198347,"review"
601,"Organizational Strategy","anchoring","model_validation","medium","high",0.871531577222049,0.902114187672708,0.0305826104506582,0.813810007600389,0.0878858123272924,"review"
449,"AI Governance","availability","independent_estimates","high","medium",0.583685560710728,0.553113872685185,0.0305716880255432,0.305934956156803,0.114325492139892,"review"
107,"Organizational Strategy","groupthink","structured_dissent","high","low",0.69220850225538,0.661789023693793,0.0304194785615873,0.437964711881584,-0.00215452142494688,"review"
332,"AI Governance","confirmation","independent_estimates","low","medium",0.553196321800351,0.523028656744797,0.030167665055554,0.273558975776267,0.13260243934518,"review"
167,"Healthcare","availability","premortem","medium","medium",0.121348963864148,0.0917084676364513,0.0296404962276964,0.00841044303622603,-0.0244893925602493,"review"
389,"AI Governance","overconfidence","premortem","high","medium",0.417634307965636,0.447268104072463,0.0296337961068266,0.30551254877565,0.13056340333931,"review"
165,"Healthcare","availability","base_rate_check","medium","medium",0.89986499492079,0.870358745802587,0.029506249118203,0.757524346395053,0.0515563503106892,"review"
808,"Infrastructure","groupthink","premortem","medium","high",0.562302851676941,0.591089642251835,0.0287867905748942,0.349386965177402,0.0298432295676097,"review"
386,"Infrastructure","framing","model_validation","medium","low",0.491362751275301,0.520011617709319,0.0286488664340177,0.270412082552663,0.146684708323228,"review"
724,"Healthcare","availability","base_rate_check","medium","low",0.673981658555567,0.702251463927247,0.02826980537168,0.493157118587962,-0.0159088392468336,"review"
82,"Healthcare","framing","decision_record","high","medium",0.650974254496396,0.679229888678023,0.0282556341816278,0.102893464317513,-0.00203766110547332,"review"
532,"Public Policy","framing","calibration_review","high","low",0.781167482584715,0.753049414718478,0.0281180678662366,0.0609845915708861,-0.00352711610056011,"review"
211,"Infrastructure","confirmation","premortem","medium","high",0.736499611847103,0.708435258740817,0.0280643531062853,0.501880515827169,0.165929998474508,"review"
324,"Infrastructure","confirmation","structured_dissent","high","medium",0.488482796214521,0.516445890470698,0.0279630942561769,0.266716357784072,0.0639022256283877,"review"
886,"Public Policy","overconfidence","model_validation","low","high",0.399781984090805,0.372093900390097,0.0276880837007081,0.138453870707515,0.133844681621982,"review"
640,"Financial Risk","availability","model_validation","high","high",0.147681776434183,0.120225846642359,0.0274559297918237,0.0144542542008721,-0.017758033792888,"review"
77,"Infrastructure","groupthink","structured_dissent","low","low",0.327607292681932,0.355053472870126,0.0274461801881933,0.415956022856886,0.0924106674010001,"review"
131,"Organizational Strategy","availability","premortem","medium","low",0.525479991920292,0.552475785801069,0.0269957938807767,0.200277922294371,-0.00850311687609584,"review"
338,"AI Governance","anchoring","decision_record","low","high",0.257422077469528,0.230526374132194,0.0268957033373339,0.0531424091705362,0.165429116800921,"review"
581,"Financial Risk","groupthink","base_rate_check","low","low",0.784406529925764,0.75765721372954,0.0267493161962238,0.0587300260573299,-0.0103183923820281,"review"
46,"Financial Risk","overconfidence","structured_dissent","medium","medium",0.376139492727816,0.34985778786016,0.0262817048676556,0.422684896006084,0.0916814453192462,"review"
467,"Organizational Strategy","model_overtrust","calibration_review","medium","high",0.255613012053072,0.281539658788814,0.0259266467357416,0.516185261893294,0.171409703119572,"review"
35,"Healthcare","availability","structured_dissent","medium","high",0.739077815413475,0.71335414165948,0.025723673753995,0.508874131422734,-0.0254609152687786,"review"
120,"Healthcare","anchoring","calibration_review","low","low",0.245919167436659,0.271609543466454,0.0256903760297948,0.530552657169147,0.060280796190153,"review"
526,"Infrastructure","availability","independent_estimates","medium","high",0.376793944835663,0.401896593097156,0.0251026482614931,0.357727685348789,0.0491436646470634,"review"
451,"Infrastructure","availability","structured_dissent","medium","medium",0.21711911894381,0.241672800175628,0.0245536812318179,0.575060141993473,0.0570098797777241,"review"
564,"Financial Risk","model_overtrust","base_rate_check","high","medium",0.404942091554403,0.429113817508855,0.0241717259544519,0.325911033359313,0.0346181251016147,"review"
647,"Financial Risk","framing","premortem","low","high",0.319541807100177,0.34353087453673,0.0239890674365529,0.11801346175997,0.142228739439444,"review"
454,"Healthcare","model_overtrust","calibration_review","high","low",0.347264322265983,0.370926628812684,0.0236623065467014,0.395733306336975,0.138849445982263,"review"
73,"Financial Risk","framing","structured_dissent","medium","low",0.458114883862436,0.435421584432643,0.0226932994297929,0.318748787324547,0.125818287214274,"review"
821,"Public Policy","confirmation","calibration_review","low","high",0.335510727576911,0.313250556680989,0.0222601708959227,0.0981259112609494,0.0484786412445404,"review"
299,"Infrastructure","overconfidence","premortem","medium","high",0.252780217304826,0.230546062744218,0.0222341545606074,0.592059361558424,0.011861640570518,"review"
744,"Financial Risk","confirmation","calibration_review","medium","high",0.434254239685833,0.455574947239143,0.0213207075533099,0.296398638073662,0.20498016647171,"review"
820,"Financial Risk","framing","calibration_review","medium","low",0.458841494470835,0.479996844680949,0.0211553502101143,0.270403281541769,0.151894311541138,"review"
31,"Healthcare","model_overtrust","base_rate_check","high","high",0.509355182014406,0.488418465755423,0.020936716258983,0.261715666180036,0.0479536506901123,"review"
793,"Financial Risk","overconfidence","calibration_review","high","medium",0.83711569160223,0.858016400637513,0.0209007090352825,0.736192143762953,0.0474389286011838,"review"
708,"Public Policy","anchoring","base_rate_check","high","medium",0.562338797189295,0.582308058383455,0.0199692611941596,0.339082674858309,0.00712037961260925,"review"
378,"AI Governance","framing","model_validation","medium","low",0.125875252485275,0.145840060130618,0.0199648076453424,0.729589202877667,-0.00845263457720025,"review"
617,"Healthcare","overconfidence","independent_estimates","high","medium",0.46909079067409,0.488823192745038,0.0197324020709473,0.261301728275377,0.0206253192378401,"review"
620,"Infrastructure","model_overtrust","structured_dissent","low","high",0.437688267417252,0.418834565926673,0.018853701490579,0.337753261761638,0.0227421097435396,"review"
209,"Public Policy","framing","calibration_review","low","high",0.803310507163405,0.821669985586746,0.0183594784233407,0.0318015940406313,-0.0129845689311462,"review"
37,"Infrastructure","availability","decision_record","high","high",0.441182960011065,0.458588259189373,0.0174052991783077,0.293126673087594,0.0252714720238033,"review"
380,"Healthcare","model_overtrust","base_rate_check","high","medium",0.510728197358549,0.493368054111977,0.0173601432465718,0.243412036818239,-0.00552254938235336,"review"
421,"Infrastructure","availability","premortem","high","low",0.510058900155127,0.492799136551766,0.0172597636033612,0.257252715882634,0.1096435572717,"review"
218,"Organizational Strategy","availability","premortem","medium","low",0.711317157931626,0.728276079249806,0.0169589213181797,0.073833889107858,-0.00316316763843116,"review"
374,"Organizational Strategy","availability","structured_dissent","high","high",0.12225459497422,0.138380625717165,0.016126030742945,0.742387946139544,-0.0157659902863255,"review"
199,"Public Policy","anchoring","decision_record","medium","low",0.590140547417104,0.574348542399781,0.015792005017323,0.329876248156753,0.159673478376799,"review"
592,"Healthcare","confirmation","model_validation","low","high",0.112413449212909,0.128175846226176,0.0157623970132672,0.0164290475557963,0.210338267392831,"review"
49,"Healthcare","confirmation","model_validation","high","low",0.875350508280099,0.859617713026143,0.0157327952539554,0.738942612548297,0.0549120440781826,"review"
101,"AI Governance","confirmation","structured_dissent","high","medium",0.892192637734115,0.907545854141097,0.0153532164069815,0.823639477368693,0.0273437423150478,"review"
694,"Public Policy","groupthink","structured_dissent","medium","medium",0.603474094718695,0.58943702103565,0.0140370736830449,0.347436001767381,0.0370882781664715,"review"
735,"Infrastructure","framing","premortem","high","medium",0.52959453817457,0.515693145976216,0.0139013921983532,0.265939420806847,-0.0010196090753235,"review"
513,"AI Governance","availability","decision_record","low","medium",0.63327727522701,0.619628995854396,0.0136482793726141,0.383940092503527,0.133406197017607,"review"
146,"Infrastructure","availability","structured_dissent","medium","low",0.614303519763053,0.603317176993015,0.0109863427700376,0.363991616054821,0.181855418784798,"review"
701,"Financial Risk","confirmation","premortem","medium","high",0.663516282849014,0.652899147565447,0.0106171352835671,0.426277296891687,0.224144263111657,"review"
176,"Financial Risk","anchoring","independent_estimates","medium","low",0.663491787388921,0.674030570268756,0.0105387828798348,0.454317209656824,0.213125257195364,"review"
850,"Healthcare","availability","decision_record","high","high",0.518561753071845,0.528600776170814,0.0100390230989696,0.279418780568387,0.124720182765683,"review"
278,"Infrastructure","confirmation","structured_dissent","high","medium",0.203824907168746,0.213573617648037,0.0097487104792906,0.618466454859196,0.112025377394724,"review"
813,"Organizational Strategy","framing","premortem","high","high",0.457909132353961,0.449066797579287,0.00884233477467494,0.201660988688116,-0.00489132274504706,"review"
512,"AI Governance","anchoring","structured_dissent","medium","high",0.214801540784538,0.206439153316809,0.00836238746772919,0.629738817388544,0.00771700925804164,"review"
354,"Organizational Strategy","model_overtrust","structured_dissent","high","low",0.525412910804153,0.518032212615784,0.00738069818836817,0.268357373307605,0.00245167224243015,"review"
148,"Healthcare","model_overtrust","base_rate_check","medium","high",0.505794161371887,0.512848132790754,0.00705397141886777,0.263013207306963,0.0305093677925669,"review"
366,"Organizational Strategy","availability","model_validation","low","high",0.77582955993712,0.770021673949094,0.00580788598802506,0.0528900304531766,0.147836553506805,"review"
697,"Infrastructure","framing","decision_record","medium","medium",0.43386951033026,0.439123553031024,0.00525404270076457,0.314582388764542,0.0197368375532168,"review"
100,"Infrastructure","confirmation","decision_record","medium","medium",0.748782192915678,0.753889582761122,0.00510738984544346,0.568349502995738,0.0398421619354057,"review"
750,"Financial Risk","overconfidence","model_validation","high","medium",0.288239308446646,0.283203001996438,0.00503630645020742,0.513797936346918,0.00378159649589183,"review"
633,"Healthcare","groupthink","independent_estimates","medium","high",0.842833926901221,0.84732231269567,0.00448838579444855,0.717955101591938,0.101426886592338,"review"
144,"Organizational Strategy","confirmation","premortem","high","medium",0.496856007538736,0.492383007202462,0.00447300033627368,0.257675011376816,0.134806996370402,"review"
105,"Public Policy","overconfidence","base_rate_check","medium","low",0.291712900996208,0.296072211189195,0.00435931019298696,0.495514331860069,0.123669767365906,"review"
635,"Healthcare","confirmation","structured_dissent","high","medium",0.771215548180044,0.775534425619546,0.00431887743950243,0.60145364532104,0.140693727969184,"review"
515,"Healthcare","confirmation","independent_estimates","low","high",0.454008588194847,0.450265227667822,0.0037433605270254,0.202738775246755,0.305003555137239,"review"
418,"Public Policy","availability","calibration_review","high","high",0.593521483801305,0.589991457774987,0.0035300260263188,0.348089920247454,0.0185441786112611,"review"
645,"AI Governance","model_overtrust","base_rate_check","medium","medium",0.485052334517241,0.488150340223897,0.00309800570665636,0.261990074212912,0.0356940410083715,"review"
472,"Organizational Strategy","confirmation","calibration_review","medium","medium",0.415494272857904,0.413358380642001,0.00213589221590371,0.344148389562976,0.150202440652636,"review"
802,"Public Policy","framing","structured_dissent","high","medium",0.562605840526521,0.563799891889474,0.00119405136295281,0.317870318094583,0.0291531107920793,"review"
233,"Public Policy","confirmation","model_validation","medium","high",0.472632467187941,0.473413891116956,0.000781423929014979,0.277292930068585,0.194852550086577,"review"
801,"Organizational Strategy","framing","model_validation","low","low",0.520358382537961,0.521105461705469,0.000747079167507936,0.27155090221927,0.166016009040318,"review"
864,"AI Governance","model_overtrust","calibration_review","low","high",0.833051898144186,0.832436597340717,0.000615300803469054,0.0280774939107572,0.156332801052345,"review"
786,"Public Policy","model_overtrust","structured_dissent","medium","low",0.690658751130104,0.691049687706991,0.00039093657688738,0.47754967087993,0.026734651451362,"review"
204,"Infrastructure","anchoring","structured_dissent","high","high",0.506638357229531,0.506317757847445,0.000320599382086062,0.256357671911664,0.0899306425682684,"review"
728,"Organizational Strategy","overconfidence","calibration_review","low","low",0.651391357369721,0.651487643593686,9.62862239646256e-05,0.424436149755253,0.0645178907896886,"review"
